caption,rating
She used to think I was the center of the universe.,funny
I remember the day that Mars said “You’ll regret being habitable”,funny
Could I get some more ice?,funny
It's five o'clock somewhere.,somewhat_funny
Everything I drink goes to my equator.”,funny
I'll take another hurricane.,somewhat_funny
"Excuse me, but there's plastic in my water.",not_funny
I have to watch what I drink—I’m bipolar.,not_funny
"Another double please, I’m having a global crisis over here!",not_funny
"No, you’re the one spinning.",somewhat_funny
"Lenny, you ever wake up one day and realize you're just not as cool as you were 100 years ago?",not_funny
How does it feel to be the world’s favorite bartender?,not_funny
I used to be a lot cooler.,not_funny
Do you accept carbon credits?,somewhat_funny
I was cool with moonogamy until I met Jupiter.,not_funny
Work's been crazy - I've been on a non-stop rotation 24/7!,not_funny
"The sun? Ugh, that guy thinks everything revolves around him.",not_funny
"Aw, I’m already polluted.",somewhat_funny
I don't even know where to start. I have about 7 billion problems...,not_funny
You ever think about where you'll be in five years?,not_funny
"Oh so thirsty, 96.5% ocean and not a drop to drink",not_funny
I woulda given her the world!,not_funny
I only drink bottled water.,somewhat_funny
Could use a little more ice please.,funny
Cut me off if the room stops spinning.,not_funny
Just give me something that will help me forget the hot flashes,not_funny
"I’m telling you Bob, these people are killing me.",not_funny
Now she's complaining I'm TOO hot!,not_funny
I've got stage 4 humans,somewhat_funny
Life was better during the Paleozoic.,not_funny
"Actually, the moon is a real asshole.",not_funny
"On the rocks, please. Lots of them.",not_funny
"I'm telling ya, what goes around, comes around.",not_funny
I could use some more ice.,funny
I just feel like I'm going in circles.,not_funny
"What do you mean last call, I'm just warming up.",not_funny
Earth to bartender!,somewhat_funny
"Her name was Venus. She was so hot, but she traveled in different circles.",not_funny
Is it just me or is it getting warmer around here?,not_funny
Seriously? Do I look Flat to you?,not_funny
Is it me or is the room spinning?,not_funny
"Yeah, Venus is hot, but she's way out of my orbit.",not_funny
This place could use a little atmosphere.,not_funny
"Wait, you don’t have any ice either?",funny
"I feel Ike I work so hard, and at the end of the year I’m back where I started.”",not_funny
"Don’t worry, the Sun’s gravity is my designated driver.",not_funny
You don't know what it's like to be a small world after all.,not_funny
My problem is that Republicans don't understand me.,not_funny
"On second thought, forget the drink, gimme more ice!",funny
Can I get two more? I only face this way once a day.,not_funny
"Worst date ever! She claimed that I was actually flat, and just contorting myself to fit some UN world order narrative.",not_funny
"No thanks, I’ll pass. The room is spinning!",not_funny
This place has no atmosphere.,somewhat_funny
So you're losing your hair? I'm losing my ozone layer!,not_funny
Can I get more ice? Mine is melting.,funny
And then things started to get heated…,not_funny
She said I was hot and left.,not_funny
Venus is hot but out of my orbit.,not_funny
I feel like I've just been going round in circles.,not_funny
I’m done with the cosmos. Give me a whiskey.,not_funny
"She was my universe, man.",funny
I'm a hot mess.,somewhat_funny
"You spend billions of years to get it right, then they stumble upon the Industrial Revolution and arrogantly think they know how to do better and, in a blink of an eye,  phhtt!",not_funny
"Is it me, or is it getting hotter in here everyday?",not_funny
You didn’t know the earth was a heavy drinker? I didn’t know the moon was a nosy bartender.,not_funny
It's always five o'clock somewhere.,somewhat_funny
My ice melted again.,funny
"They scoffed at me when I told them about my invisible friend; now ""dark matter"" is all they can talk about.",not_funny
Give me all the ice you have.,funny
I’m so fracked.,somewhat_funny
And then I told her that the world doesn't revolve around her.,not_funny
"Doesn't it feel warm in here?""",not_funny
I'll  give you a hundred bucks for 5 minutes in the walk-in.,not_funny
"If I had any idea, I would never have allowed them to land in the first place.",not_funny
I suspect he is seeing other planets.,not_funny
"Oh, boo-hoo. ‘I’ haven’t had a vacation in 4 billion years!",not_funny
I ever tell you about me and Pluto?,not_funny
Welcome to my world.,somewhat_funny
It’s been a long day.,somewhat_funny
Why is there plastic in my drink?,not_funny
I feel like I'm taken for granite,not_funny
Sometimes I feel like I have the weight of me on my shoulders.,not_funny
I just came in to cool off.,not_funny
Have you ever felt like you have the weight of the world on your shoulders?,not_funny
Let's be honest - I miss the dinosaurs.,not_funny
My moon doesn't understand me.,somewhat_funny
And I can never figure out where to go on vacation!,not_funny
…I’m actually not a people person.,not_funny
You think you've got problems!? I gotta be carbon neutral by 2037!,not_funny
"If I’m here, what are you standing on?!",not_funny
"I’ve got a good one: Mars, Earth, and Elon walk into a bar…",funny
Why do I drink?  Have you seen the news lately?,not_funny
Have you run out of ice too?,funny
No! I'm just a marble.,somewhat_funny
She told me she needed some space,not_funny
I need another round to get through the day,not_funny
What ID? I am older than dirt.,not_funny
"I'm 4.5 Billion years old--and 70% water, just like your drinks.",not_funny
My drink is flat.,somewhat_funny
I tell you these changes I'm going through are not natural!,not_funny
I'm just warming up.,somewhat_funny
Who cares if I'm flat or round? Can't I just be loved for who I am?,not_funny
"Hey, I need some ice",funny
I'm sick of people.,somewhat_funny
So then I find out that my brother 'Pluto' isn't really my brother at all!,not_funny
Can I get some ice with that?,funny
"Just like me, your drinks are 71% water.",not_funny
"Get me some ice in this, I’m burning up!",funny
"Can you crank up the A/C, please? My ice caps are melting.",funny
I said  I want global cooling.,not_funny
I had it all.  Everything revolved around me until Copernicus shows up.,not_funny
"Mercury and Venus, don't get me started.",not_funny
"So she says to me,”why is it so hard to get to your core?”",not_funny
Would humans say Mars is flat if they lived there?,funny
"I gotta tell ya, they're killing me.",not_funny
"I tell ya, man — my inhabitants just don’t understand me.",not_funny
"Anything cool, please--I'm warming.",somewhat_funny
"When I asked him who besides him was going to carry me, Atlas shrugged.",not_funny
"So I says, “I’ll tell you what the world is coming to!”",not_funny
Make it look like an accident.,not_funny
You’d drink too if you had my problems.,not_funny
"You call it ""blacking out,"" I call it an eclipse.",not_funny
Any more worldly advice?,funny
"Could I get some more ice,please?",funny
"Trust me, alcohol is the least of my problems.",not_funny
"You’d think I’d be flattered, but I just don’t want to be this hot!",not_funny
...but that's just my world view,not_funny
another round please,somewhat_funny
All I can say is I tried.,not_funny
"Next thing I knew, Atlas shrugged.",not_funny
"Have a few drinks, have a few laughs, I mean what could go wrong?",not_funny
Last call? I'm just warming up!,not_funny
I never get drunk because I'm mostly water.,not_funny
....And Republicans seem surprised that I'm not flat.,not_funny
"Listen, I’m not flat and I do have an end!",not_funny
You wouldn't believe the century I've had!,not_funny
"I have been taking care of you, please take care of me.",not_funny
No more. I'm spinning already.,somewhat_funny
"I swear, Pluto's not mine.",somewhat_funny
"I'm a small world after all.""",not_funny
"Next thing I know, I've been mooned.""",not_funny
I'm over 14 billion years old. How about a little respect!,not_funny
"Yeah, one more please, I’m feeling kind of flat today.",not_funny
My wife and I are worlds apart.,not_funny
They want me to drink methane too!,not_funny
Global warming has really got me down,not_funny
Is it just me or is the room spinning?,not_funny
"The world keeps changing: it’s sphere today, gone tomorrow.",not_funny
You don't have any ice either?,funny
Are you sure this is 97% salt water?,not_funny
And then she called me geocentric...can you believe that?,not_funny
Whadja put in this? My head's spinning!!!,not_funny
Mind adjusting AC? I’m a bit too warm.,not_funny
I can't abide these hot flashes anymore.,not_funny
"My children give me Earth Day, but what about the rest of the year?",not_funny
I’m drunk off my axis.”  “Where is the restroom? Gotta go drain the ole south pole,not_funny
…so she says ‘ you my friend live in a world of your own’…,not_funny
"I’m telling ya man, there’s these little things crawling all over me!",not_funny
I really just need Water.,somewhat_funny
Could you please turn down the thermostat?,not_funny
"It wasn’t a conference after all. It was an intervention! Mars, Venus…everyone said I’ve changed and not for the better.",funny
I'll have large  cup of COOLADE!,not_funny
"I feel like I just keep going around in circles.""",not_funny
"This drink isn't carbonated, is it?",not_funny
"I’m gonna need, like, waaay more ice in this.",funny
I just get this feeling no one will ever really know what's at my core.,not_funny
Do you ever feel like your just going around in circles?,not_funny
"Yeah, I was the source for drilling all that oil, but it was never my idea to burn it!",not_funny
And you really believe that someday there will be a happy hour again?,not_funny
What in the world is happening to me...?,not_funny
My ice keeps melting.,funny
I still miss the Ice Age.,funny
"My ex was the best...very religious...looked at me like I was only 5,000",not_funny
I'm so hot I'm gonna need an ice age to cool off!,funny
He said it like a “globalist” is a bad thing.,not_funny
I feel like I got my own weight on my shoulders!,not_funny
"Sure, I'd love to leave the Solar System, but I don't think you understand the gravity of the situation.",not_funny
It ain't right Gus.  After four billion years together Mother Nature packs up and moves in with her sister in Jersey.,not_funny
No ice?,funny
"Last call, it's only 2023?!",somewhat_funny
For me it's one revolution after another.,not_funny
"Another frozen mojito, please ... and could you turn the AC down one-and-a-half degrees Celsius?",not_funny
I don’t just have the world on my shoulders; I am the world.,not_funny
Does it look like it's receding?,not_funny
Just hand me the bottle.  I'm always five o'clock somewhere.,not_funny
They never ever ask how I feel...and the things they say!,not_funny
Last call? Tell me about it...,not_funny
What’s happened to the atmosphere in this place?,not_funny
"Every day is Earth Day on this barstool, Fred.",not_funny
Atlas left me.,somewhat_funny
"It’s a wonderful world, it’s a wonderful world…how many times a day is that song played…??” “Do you know the pressure I’m under???",not_funny
You don't have to tell me we're out of ice!,funny
Evolve!  I should 've stopped  with the chimps.,not_funny
Can you turn down the heat?  It’s like a greenhouse in here.,not_funny
One small drink for me and a large one for the end  of mankind!,not_funny
There was room for ice.,funny
And then I dreamed they were crawling all over me and buzzing around me and...it was just awful.,not_funny
I think this place needs a bit more atmosphere.,not_funny
This is the kind of atmosphere I've been needing.,not_funny
No more Fireballs.,somewhat_funny
On top of that I have plate tectonics.,not_funny
Do you want to go rotate after this?,not_funny
Why do people walk all over me?,not_funny
I have enough water as it is.,not_funny
You think you have troubles! I'll be Andromeda dust in just 5 billion years.,not_funny
"I just feel like I've got the weight of humanity on my shoulders, you know?",not_funny
I’ll be back in the same spot tomorrow.,not_funny
Just make it look like we're talking - Pluto's here.,not_funny
I am so lonely since Pluto went away.,not_funny
Lots more ice in my next one. I have to cool off fast.,funny
"I just need to cool down, yah know?",not_funny
"You’re 70% water, too - don’t you get thirsty?",not_funny
Make it a double. Mercury's in retrograde!,not_funny
"My life revolves around her, do you know what I mean!?!",not_funny
I get blamed for everything.,somewhat_funny
Whaddya got to cool me down?,not_funny
"And then he says ""Don't go changing"", like it's up to me!",not_funny
"I swear Joe, it's like they don't even care!",not_funny
"Joe,I had the world on a string",not_funny
I miss the good-old days when I was Gaia.,not_funny
Everything was great for 4 1/2 billion years.,not_funny
"It's been a long day. Make it a double!""",not_funny
You think you've seen some fucked up humans...,not_funny
I swear I only drink this much when I’m overheated,not_funny
"no matter what i do, i can't seem to shake this fever",not_funny
"My temperature keeps rising, and no one seems to care!",not_funny
Even Atlas has given up on me.,not_funny
Thanks for solving all of my problems.,not_funny
They're killing me...,somewhat_funny
The “X” man has got me by the ass!,not_funny
I’ve been experiencing an untreatable fever lately.,not_funny
"And the next thing you know, I’m seeing satellites circling!",not_funny
"Is it hot in here,or is it your imagination?",not_funny
The doctor said I have about 8 billion parasites.,not_funny
"If it’s my wife, I’m not a sphere.",not_funny
"My doctor keeps telling me to cut back on fossil fuels,but who can afford clean energy in this economy!",not_funny
"Yes, people always mistake me for Gorbachev.",not_funny
"Trust me, it's five o'clock somewhere.",not_funny
"I turn around and around, there she is again–beaming at me.",not_funny
Being called flat hurts.  It really hurts.,not_funny
"And that's when I said, ""I don't care about Uranus, show me your moon.""",not_funny
"Everyone always asks me, 'What's this world coming to?'",not_funny
I just feel like my life is going in circles.,not_funny
''All anybody wants to talk about is the weather.'',not_funny
Have you seen my pants?!,somewhat_funny
My ice is melting.  Can you refresh me?,funny
I need a cold one. I've never been this hot!,not_funny
"It's last call for me, so just leave the bottle.",not_funny
"Please, Sir.  Can I have more ice? I’m trying to cool off.",funny
"Then, they invented something called MILF island…",not_funny
Then she says “you’re not worldly enough”. Can you believe that?,not_funny
Could you please turn the heat down a degree? I'm melting.,not_funny
Screw it— give me a plastic straw.,not_funny
This eco disaster has driven me to drink,not_funny
"Hey, it’s hotter can you turn on the AC in here?",not_funny
A round for everyone please.,somewhat_funny
And THEN they started burning this thing called coal,not_funny
My name is NOT Sherwin Williams!,not_funny
Give me one goddam reason not to tell the Moon to get lost!,not_funny
I don’t know why she left - I thought talking about global warming would be a good icebreaker.,funny
"Evidently, I'm in a world of trouble.",not_funny
My southern hemisphere is hemorrhoidal!,somewhat_funny
"Hey Mac, all my ice melted.",funny
"I prefer to be stirred, not shaken.",not_funny
Whaddaya mean you're out of ice?,funny
Give me a heads up if any more humans come in.,not_funny
No thanks. After one drink my head starts spinning and everyone gets dizzy!,not_funny
Got any more ice?,funny
You got anything non-carbonated?,somewhat_funny
"Hey, Fred, could I get a few million cubic yards of ice?",funny
Clearly we don’t have the same worldview!,not_funny
Ice on the rocks. Please.,funny
Here’s an idea. Play some Perry Como once in awhile.,not_funny
I like this bar because it is so down to earth.,not_funny
Do you have something for a headache.,not_funny
"Continental drift is bad enough, but this incontinental drip is really killing me.",not_funny
"And I said, “Your shoulders? What about what’s on my shoulders for god’s sake?” -Wade Munday, Nashville, Tenn",not_funny
Everybody’s giving me a hard time! YOU’D have hot flashes too if you were 4.5 billion years old!,not_funny
I'm over-heating here. I need a Scotch on the rocks - but hold the Scotch,not_funny
Do you ever feel like the weight of world is on your shoulders?,not_funny
"I could really use another ice cube, they keep melting!",funny
She complains that I am too distant.,not_funny
Venus just doesn't get me.,somewhat_funny
And then she said “you better just cool off”!,not_funny
I was a cool calm planet until I crossed global warning's path.,not_funny
"No,No,I need a LOT of water!",not_funny
How big is your ice machine?,funny
"I don't push they other planets away, but I never let them get closer to me, either.",not_funny
And do they really think that nammg a day after me makes up for all the crap I have to put up with?,not_funny
Do you have any more of this clean water back there? I'm running low.,not_funny
"If the Moon calls looking for me, I'm not here.",not_funny
My doctor says I’m bipolar.,somewhat_funny
"I thought I said, ""No carbon.""",not_funny
"I'll take a Hurricane, an Earthquake, and a Mudslide, please.",not_funny
"With the dinosaurs, I swear I only drank on weekends",not_funny
Is it just me or has the whole place gone to hell?,not_funny
I’ve got something called homo-sapien-carcinoma.  I don’t think I’m going to make it.  I should have been born outside the inhabitable zone.,not_funny
"She liked my magnetism, but didn’t like that I was bipolar.",not_funny
We go on one date and poof! I never hear from Pluto again.,not_funny
She said we’re polar opposites.,somewhat_funny
Will you call a cab so I can get out of here?,not_funny
I can't stand it! I'm getting trashed,not_funny
"In his hands"", ""On his shoulders"" - I'm sick of being handled",not_funny
I'll stop drinking when they are all polluting Mars.,funny
"I would wear sunglasses at this point,but you know,no ears.",not_funny
I used to be a glass half full kind of planet.,not_funny
Could I have one more for the orbit?,not_funny
''She said I wasn't edgy enough.'',not_funny
Another one of those and my world will be spinning.,not_funny
Where do I go if George Soros gives up on me?,not_funny
This is what the world has come to.,not_funny
Do you have lots of ice? Because I think I'm gonna need lots of ice.,funny
All that drinking and now my sea levels have risen. I'm a goner.,not_funny
It's way too warm here -- I need some ice.,funny
"My life is just a never-ending 'Shake, Rattle, and Roll'.",not_funny
"I was able to handle the stress of my plate tectonics for eons, but these damn rising sea levels have driven me to drink.",not_funny
You wouldn’t believe the day I’ve had.,not_funny
Will this make the world go away?,not_funny
My asteroid belt makes me look fat so I am thinking of switching to asteroid suspenders.,not_funny
"Pour me a double, boss, they told me I only got twelve years.",not_funny
Line ‘em up Sam.  It’s gonna be a long story with a sad ending.,not_funny
Put it on humanity's tab.,somewhat_funny
You hiring? I think my current gig is just about up.,not_funny
"How would you feel if everyone called you, “messed up?”",not_funny
Another one on ice… I really need to cool down,funny
You should have seen the rings on her,not_funny
"It's like I said. They'll be sorry when they discover they don't have me to kick around anymore.""",not_funny
"So I said, ‘If it’s a hoax, they sure fooled me.’",not_funny
Make it on the rocks; the heat is really getting to me.,not_funny
Make it a double. A strong double.,not_funny
"No more thanks, I am already seeing two moons.",not_funny
I don't know why everyone keeps saying that. It's NOT a stage.,not_funny
Would it be presumptuous to ask for Moonshine?,not_funny
"Don't kill the messenger, but Ireland is asking for something a wee bit stronger.",not_funny
and then the guy bet me a drink that i was flat,not_funny
How about an ice cube?,funny
Doc says 5 years. I’m saying I have another  ice age in me.,funny
My glass is definitely half empty.,not_funny
"So Planet Earth walks into a bar and says, “I'll have something non-carbonated.”",not_funny
"God, I hate people.",somewhat_funny
"Shakiness, flooding, overheating, maybe it's menopause?",not_funny
I said ice water!,funny
I only drink when Mercury is in retrograde,not_funny
You ever feel like your life is just going around in circles?,not_funny
Earth calling! I'm running dry over here!,not_funny
I guess it’s time to close out my tab.,not_funny
I'm polluted.,somewhat_funny
I'll go another round,somewhat_funny
I haven't felt the need to drink since the ice age.,funny
"Basically, I’m a hot mess.",somewhat_funny
"Doc says my high temperatures and chills are due to an imbalance in my macrobiome,whatever that means. Plus I’m really greenhouse gassy lately.",not_funny
Could I get something non-carbonated?,somewhat_funny
I'm a glass half-full kind of planet,not_funny
I can't wait till Musk sends you all to Mars.,funny
More ice.,funny
I just need my space.,somewhat_funny
Panic Cocktail please! with ice on top and bottom only.,funny
"For years,I had it practically all to myself and then this wise guy Hobbs comes along!",not_funny
"Do I have to do everything around here? I mean, can a mother get a little help?",not_funny
When do the pole dancers start?,not_funny
Hey Bud if world peace were that easy I wouldn’t need this drink!,not_funny
Surprise me .,somewhat_funny
"The bar-sign said ""Ice Cold Beer!""",funny
"Hey, buddy, I need more ice...a whole lot more ice, here!",funny
Whoa. Now I'm really spinning.”,somewhat_funny
I’ve got this infection called people and it’s killing me,not_funny
Keep the drinks coming until I’m in retrograde,not_funny
"What IS so funny about peace, love, and understanding?",not_funny
"If my life calls, I'm not here.",not_funny
"Being the third of eight I don’t get much attention but as you’ve heard, I could use some help.",not_funny
"Bartender: Say, we don't get many planets in here. Earth: And at these prices — plus global warming, of course — you won't get many more.",funny
Could you show me the way to the next solar system,not_funny
One more for the orbit.,somewhat_funny
Global warming makes me thirsty.,somewhat_funny
Hit me again...I'm feelin' a little shaky.,not_funny
The world's no place for a guy like me.,not_funny
It’s always something.,somewhat_funny
"So it turns out, my brother's hiding behind the sun all this time.",not_funny
Global warming my ass.  It’s herpes and some purple-haired tree hugger gave it to me.,not_funny
Ice quick! I’m burning up over here!,funny
"Make it a double, I’m dying.",not_funny
"It's all Mars, Mars, Mars -- no one cares about old Earth anymore!",funny
This is my last one. My head is spinning.,not_funny
I remember when they came down from the trees like it was yesterday.,not_funny
"Just a cold one please,",somewhat_funny
You try being dropped by a Titan.,not_funny
I feel like I've got the weight of me on my shoulders.,not_funny
"So, a star walks into a bar...",not_funny
"""All my homo sapiens have gone out of their ever-loving minds.",not_funny
Sometimes I just feel like I’m in someone else’s shadow.,not_funny
I'm feeling a little warm -- you sure this stuff's environmentally friendly?,not_funny
"Ever since I realized Lin-Manuel Miranda lives on me,it's sent me into an alcohol fueled depression. I also never really fully processed 9/11.",not_funny
Just like everyone else:  no one will listen.,not_funny
NO! That's the thing. I'm just a randomly colored sphere with a drinking problem.,not_funny
"Wiki defines me as a 'washed up  cliché'!""",not_funny
I gave Atlas my key -- has he been in here lately?,not_funny
I just feel like I am being pulled in all different directions.,not_funny
They tell me “Hang on Humpty Dumpty”,not_funny
How about a glass of ice?,funny
"Pardon me, I'm hot and really need to Crack A Cold One.",not_funny
"I think that the Moon stood me up again""",not_funny
May I have some ice? I think I’m going through climate change!,funny
Sometimes I just wish an asteroid would come along and put me out of my misery!,not_funny
Do you know what's like when they say 'the whole world is watching?',not_funny
Check please. It's been a long day.,not_funny
"A fire, a tornado, and a hurricane walk into a bar....ah, never mind.""",not_funny
That was tough when he had the whole of me in his hands.,not_funny
I think the planet deserves a good stiff  drink,not_funny
Goodbye cruel bar.,somewhat_funny
"I never wanted to get divorced, but Sunny thought my life should revolve around her!",not_funny
I’ve got the weight of some guy on my shoulders!,not_funny
I said neat. Do I look like I need more water?,not_funny
Look at me...and they keep sayin' it's just a hoax!,not_funny
"Wait, I ordered a Cosmos",somewhat_funny
I just caught 7 other planets circling my beloved sunshine!,not_funny
"It’s your fault, you know.",somewhat_funny
"I ordered a DOUBLE  Long Drink, Sir",not_funny
Is this filtered??,somewhat_funny
Being the host of parasitic humans has nearly ruined me. That’s why I drink.,not_funny
"Keep 'em coming, I'm two thirds water!",not_funny
"It's hard to resist, when it's always 5:00 somewhere in the world.",not_funny
"Well, if I rotate the other way a little bit, then it won’t be closing time. So, just chill and let me finish my story.",not_funny
"I tell you, I'm dying, and too few give a shit!",not_funny
It's either a melanoma or plate tectonics.,not_funny
Better bring me the bottle.,somewhat_funny
Why do people insist on talking about my weight?,not_funny
Then she sez 'you got cooties! Eight billion of them!',not_funny
"I just need an unexhaustable supply of cool, clear water.",not_funny
"God, Nobody listens to me.",somewhat_funny
"Nah, seriously!  I'm in a whole world of hurt. or Don't look at me like that.  My crisis is everybody's crisis!",not_funny
"Thanks,Sam. Guess I'll be wobbling off now.",not_funny
"Is it me, or is it getting too hot in here?",not_funny
"Another ice water, please. And make it a triple shot.",funny
The earth wants to talk to the bartender,not_funny
Who is this 'Atlas' guy anyway?,not_funny
"Thanks for listening, it means the world to me.",not_funny
WHO just fired me.,somewhat_funny
I've been a globalist forever but why are people upset about it now?,not_funny
"I won't be here for long, so make the next one a double.",not_funny
She said I was her whole world.,not_funny
...and then I found out the Moon is seeing other planets.,not_funny
I’ve seen the dark side of the moon.,not_funny
"So set'em up,Joe,I have a little story I think you should know.",not_funny
Earth: “Bourbon on the rocks” Bartender: “We are out of ice” Earth: “Same”,funny
Seriously men! I have fleas  … Look! Look! … they walk all over!,not_funny
"Ya know,some days I feel like I carry the weight of the world on my shoulders.",not_funny
Excuse me can I use the bathroom? I have diarrhea.,not_funny
Am I looking a little round to you?,not_funny
Can you point me somewhere that isn’t Last Chance Saloon?,not_funny
"You'll tell when I've had enough, right?",not_funny
"The world does not revolve around you, Sam.",not_funny
Can I have some ice caps?,funny
Have any ice?  Mine is melting.,funny
Do you know what it's like to have the weight of the world on your shoulders?,not_funny
"More ice, please. I'm dying here.",funny
I need a cold one!,somewhat_funny
Can I have some ice?,funny
A little ice?,funny
I've been talking about UFO's for centuries!,not_funny
What I really need now is love sweet love.,not_funny
I just wanna cool down a bit.,not_funny
It's like all the good single ladies have disappeared into a black hole!,not_funny
"It's getting so bad here, I am thinking of changing orbits",not_funny
"Im going through the change, hot flashes and all.",not_funny
"Yeah,I know…I look like I have the weight of the world on my shoulders.",not_funny
"Sorry, my bad... Volcanoes.",somewhat_funny
"...Really, I'm just tired of being orbited! They keep pulling on my tides like I wont notice...",funny
Heard the one about the climate denialist and the flat-earther who walked into a bar together?,not_funny
I’ve got the weight of my shoulders on my shoulders.,not_funny
"Is it me, or is it getting hotter in here?",not_funny
"It's not like I want to spew lava and spawn tornadoes, earthquakes, and hurricanes, but you people are killing me",not_funny
"OMG,the whole World has gone crazy",not_funny
You think old age has been cruel to you?,not_funny
I’ve never felt so down to earth,not_funny
"No more ice, ever?!",funny
I've been aching for over a year in my Russian area.,not_funny
"My twin--oh, Venus! We're on the same orbit but how come we're not able to hang out?",not_funny
"One minute it's chills, then shakes, then fever. And boy have I been windy lately.",not_funny
It all started in the Mesozoic era...,not_funny
I’m a mess …!,somewhat_funny
"I'm telling you Joe, I get no RESPECT!",not_funny
New World Order ing,somewhat_funny
One more ‘continental drift ‘ please.,not_funny
Hey. Can a fella get something to help him cool off around here?,not_funny
"Please don't say, ""Hot enough for ya?""",not_funny
Why would He put me here and then cover me with this fungus that I call humanity?,not_funny
"Everybody has problems, but I'm always in a world of trouble.",not_funny
"Its hot, and I am feeling bloated.  What is going on around here?",not_funny
Make it a double with ice cubes.,funny
WHAT  IS THIS WORLD COMING TO?,not_funny
"If it’s not too much trouble, can you spare more ice?",funny
You know what gets me hot? People that don't think I'm hot.,not_funny
"Ah, we are way past the glass half full or empty with this one. There will be no glass.",not_funny
It’s just nice to have someone that listens to you.,funny
"I'm telling you, I've had enough.",not_funny
It's feels like I'm the weight on someone's shoulders,not_funny
It's *constantly* five o'clock somewhere!,somewhat_funny
"Man, if you were me you’d see this cup as half empty too!",not_funny
What harm is one drink going to do.  I've already been polluted with toxic waste!!,not_funny
I'll take one more for the skillet.,not_funny
I stopped the world to let people off!,not_funny
I need another. Got the world on my shoulders!,not_funny
"I ordered it ""on-the-rocks"", I'm having hot flashes!",not_funny
Do you have aanything colder?,somewhat_funny
"Some of my best friends are ""Flat Earthers""...",not_funny
Climate change; you can’t live with it and and can’t foresee a century without it.,not_funny
You ran out of ice?,funny
"With ice! No matter how much I blow off steam, I can’t seem to cool off.",funny
Could you wack on the air conditioning?,not_funny
"My brother, Earth, just passed away.",not_funny
"I swear, Herb, these people are going to be the death of me.",not_funny
Don't you  get tired of people thinking they can walk all over you?,not_funny
"She left me because she said my head was too round, and she wanted a guy with a flattop.",not_funny
"Man, is it hot enough for ya?",not_funny
"From  now on it's going to be the priest, the rabbi and the planet",not_funny
I'm going to need alot of ice!,funny
It can't be last call.,somewhat_funny
"Pluto? Oh, he's no longer in my circle. You know, I didn't completely disagree when he chastised me for getting around. But I knew our relationship was over when he said I was spinning out of control.",not_funny
Can you turn on the air conditioner?,not_funny
First world problems,somewhat_funny
D’ya have any idea what it’s like to be me?,not_funny
What's to say? It's been another helluva week here!,not_funny
"Could I get another water, I'm really over heating.",not_funny
"...and then she left me!  Went to 'colonize' my neighbor. What's he got that I don't, anyway?",not_funny
Everybody seems to think they know how to “solve the world’s problems.”,not_funny
"What do you mean, you’re also running out of  ice?",funny
Got anything with ice in it?,funny
"My ice is melting, can you turn it down a bit.",funny
Problems? Problems?  Where do you want me to start?,not_funny
"Mars?!  I'm telling you, what's a planet got to do to get some respect?",funny
How 'bout a round of eight billion.,not_funny
"I just don't feel like he's got the ""whole me"" in his hands!",not_funny
Political Climate Change,somewhat_funny
You don’t know what it’s like to live every day with a nasty case of the spins”,not_funny
"And then , that guy, the moon, hit me!",not_funny
"Look mack, I've been around the block and I can tell you this global warming shit is for real.",not_funny
It all started when I was born.,not_funny
"...And then, I top of all that, I feel like my life is spinning out of control !!!",not_funny
"Sorry bud, but I’m gonna need waaay more ice.",funny
"Hey buddy, can I get another hurricane over here?",not_funny
Can we skip 'Last Call' for another time?,not_funny
I'm hoping that the next ice age comes soon because you ain't exactly generous on ice in my drink,funny
"Writers, actors, ... What about us studio logos?",not_funny
No need for plastic cups.,somewhat_funny
"The doctor said the hot flashes were early menopause, but I know it's global warming.",not_funny
Can I please get a water? That last drink knocked me off my axis!,not_funny
"I don't mean to be rude, but, as species go, yours sucks!",not_funny
"I didn't ask for a shot; I said, ""Shoot me!""",not_funny
On the rocks please.,somewhat_funny
This glass is half empty.,somewhat_funny
"Thanks for the water, but I need something stronger.",not_funny
"How would you feel, living with such an existential threat?",not_funny
What have you got that's cold,not_funny
"The song says you got the whole world in your hands, but I haven't had a date in a million years.",not_funny
I'd like to buy the world a drink on me.,not_funny
It seems like I need a drink a lot more often these days.,not_funny
It keeps getting hotter I need water!,not_funny
It's getting too hot not to drink heavily.,not_funny
Just leave the bottle,somewhat_funny
That's an astronomical service fee!,funny
Do you need some ice in your drink to cool off?,funny
My head just keeps spinning! Got anything for that?,not_funny
"Hey! Really needed that seventh day off, did you?",not_funny
"Yeah, they wouldn't let me in the Macy's Parade!",not_funny
"Same old same old with me-global warming, mass extinctions, the next doomsday tech craze, all thanks to, no offense, your kind. But tell me more about how your wife has started to make her shepherd's pie with ground turkey instead of ground beef.",not_funny
"Sam, it was so much easier just dealing with volcanoes, earthquakes, and dinosaurs.",not_funny
So two planets came into a bar...,not_funny
"So I said, fine, if you’re going to trash me, I’m just gonna go get wasted.",not_funny
"And then she said I'm her whole world, but I'm everyone's whole world!",not_funny
"In the real world, sobriety is overrated.",not_funny
You can keep the change!,somewhat_funny
"Can I get some ice, I'm dying over here.",funny
I really need something cooling.,somewhat_funny
Give me a Frozen Daiquiri.,somewhat_funny
"And you think you have problems,",not_funny
It would mean the world to me for another shot.,not_funny
Tough sales meeting today. I was bullied by Jupiter 'cuz I referred to Pluto as an out-of-market PLANET.,not_funny
Why can't you understand that just because I'm drunk doesn't mean I have a drinking problem.,not_funny
"I've had a fever, can I get some ice?",funny
I've spun out of control.,somewhat_funny
"Just because I’m 3/4ths water, doesn’t mean this drink should be.",not_funny
He had 7 rings so she chose him.,not_funny
It's not the alcohol.  I'm naturally vertiginous.,not_funny
"The experts all say to drink more water, but then they told me my water levels are rising too high.",not_funny
THAT LUCKY 'OLE SUN ROLLS AROUND HEAVEN WHILE I HAVE TO DEAL WITH YOU GUYS!!!,not_funny
"""Next round is on me""",somewhat_funny
She left me for another planet.,not_funny
"I know I'm three-fifths water, but even I need a drink now and then.",not_funny
Have you seen my sun?,somewhat_funny
Pluto? The guy’s not even a planet anymore.,not_funny
"I told them that crew they brought in 300,000 years ago was going to drive the place into the ground.",not_funny
Isn't it normal to move to a warmer state when you get older?,not_funny
We're screwed !,somewhat_funny
Why do they call me the blue planet? How much time have ya got?,not_funny
There's just so much I can take.. let them go to Mars!,funny
First I was square. Then I was 80% water. When will this end?,not_funny
"A very LARGE asteroid, straight up please…",not_funny
"I just feel like nobody cares about me anymore, you know?",not_funny
Those North Korean rockets are a nuisance.,not_funny
There's word out,somewhat_funny
"I've got plenty of water, but I could use more food.",not_funny
I feel like I have the whole world on my shoulders!,not_funny
"I'm sorry,but I'm going to have to cut you off. Floods and earthquakes while drunk just aren't funny.",not_funny
Drinks for everyone on me!,somewhat_funny
"...and she said, ""Buddy, you're in a world of hurt.""",not_funny
Hey !  Did you forget about me ?,not_funny
Even Charlie Chaplin won't play with me anymore!,not_funny
"I can’t get any sleep, there’s always a part of me going",not_funny
My populations just don't understand me.,not_funny
"Bartender, what on earth is going on ?",not_funny
The problem is that none of the other planets understand me.,not_funny
"I don't get it. Everyone says I'm getting hotter, but I still can't get a text back.",not_funny
What if they can't stop feral swine? Or the lantern fly gets a foothold? And don't even get me started about the Emerald  ash borer! You can't get a good ash bat anymore. That's why Major  League averages are down so much. Not enough ash wood bats!,not_funny
"We had a moment when you guys re-introduced wolves, but since then I’ve taken some hits.",not_funny
"I just feel small.  And the hot flushes, oi!",not_funny
Close my tab. I’ve got the spins.,not_funny
Have you seen my buddies Pluto and Mars?  We haven't run into each other in a long time.,funny
"Ans so I told them, The older I get the more hot flashes I get. They still don't understand!",not_funny
"Seriously, dude?  A glass of water?  For my melting glaciers?",not_funny
Can you put some ice in it??  I'm burning up here.,funny
"With all these hot flashes, I must be going through menopause.",not_funny
… and then she says I am too into earthly pleasures…,not_funny
I can feel my temperature rising.,not_funny
"So I say, ""Ok mother, but a little nurture wouldn't hurt""",not_funny
God and an astrophysicist walked to a bar.....,not_funny
"All the talk is terraforming Mars, colonizing the Moon, exploring the moons of Jupiter…I’m standing right here!",funny
"They say it's terminal, but I'm hoping they find a cure before it's too late.",not_funny
"Hey, Norm, you got anything stiffer?",not_funny
Hand to God - what on Earth is going on!?,not_funny
It's not my fault the ice cube keeps melting.,funny
"I’m not flat, but this soda is",not_funny
I need another shot of Kyoto.,not_funny
I'm tired of the same old orbit.,not_funny
Do you ever get the feeling that things are crawling all over you?,not_funny
Why is everyone angry at me? I’m just one of God’s trillions of soccer balls!,not_funny
I keep getting this fever but the doctor says it's nothing.,not_funny
"Would you mind freshening this up,my ice is all melting.",funny
Seems like I can't get anything on ice anymore.,funny
I don’t understand it. If  I ’m such a hottie how come I can’t pick up chicks?,not_funny
"I love 'em to death, but my kids are killing me!",not_funny
"No, it’s not the end. I’m just a yard sale globe.",not_funny
Do you know who 'Henny-Penny' is?,not_funny
"I'm not smoking, I swear.",somewhat_funny
I ordered this on my rocks.,not_funny
I'll have one last round for Mankind !,not_funny
I'll have a gin and tectonic...my plates feel slightly askew.,not_funny
"And then she says, ‘this is just a natural cycle!’ I’m so steamed!",not_funny
"The hot flashes are getting more frequent, and worse!",not_funny
Is it getting warm in here?,not_funny
Make mine AlkaSeltzer,somewhat_funny
It's been a really tough year!,not_funny
It’s you. Hi. You’re the problem it’s you.,not_funny
Is it me or is it warm in here?”,not_funny
My problems are bigger than global warming.,not_funny
That was some drink! Better have all the king’s horses and all the king’s men as well as all the democracies ready…I’m going to hit the dirt.,not_funny
"My fever just isn’t subsiding, and my doctor won’t see me!",not_funny
Do you want to go around the world or not?,not_funny
"I am hot as hell in here,but I  hate to ask you to turn the AC down",not_funny
"I bought everybody a round, but it was flat!",not_funny
Could ya put more ice in my drink?  I really need to cool down.,funny
"By the looks of that hairline, I see your polar icecaps are melting too",funny
"And, I am the weight on your shoulders.",not_funny
"If my wife calls, I wasn't sphere.",not_funny
I can’t take it anymore! Everyone’s telling me I’m going to hell in a hand basket!,not_funny
I wish someone would take the weight of me off of me.,not_funny
"Brother,do I need to cool down.",not_funny
"I swear. The planet was full of water. And you were there, too, Uncle Ed.",not_funny
Just pour a double over my head - - feeling uncomfortably warm,not_funny
"Remember me, gorby as in Gorbychov?",not_funny
Can I get some extra ice over here?,funny
"Hurry up, barman.  I’m getting rather thirsty around the Sahara.",not_funny
Your hands big enough?,somewhat_funny
You think you've got problems!,somewhat_funny
"Why won't anyone listen to me.  Susan Hanna, Columbus, Ohio",not_funny
My uncle raped me!,somewhat_funny
"Bless me Father , I am the eye of the storm",not_funny
Another hurricane please. I need to build up my tolerance for them.,not_funny
"Can I get the sustainable menu, please?",not_funny
"Hot, hot, hot and no relief in sight!",not_funny
Why is it every time I tell you about my crappy day  you tell me to cool down?,not_funny
Pour me a hurricane.,somewhat_funny
You kept telling me there’d always be more fish in the sea!,not_funny
"Another glass, if you don’t mind. It’s become warmer these past few decades…",not_funny
"Fusion Smusion! Just call your café ""GOOD EATS"" !",not_funny
"So then Elon says to her, ‘I’m going to give you the world.’  And we all thought he was kidding.",not_funny
"You know what kind of pressure comes with that ""You mean the world to me"" crap?",not_funny
I never thought hot flashes would get this bad!,not_funny
It’s my 79th day. Can’t quit now.,not_funny
I am nervous; you people are not interested in reducing my temperature!,not_funny
Can you start serving that giant cube?   The rocks melt too fast.,not_funny
"It's not fair!  Merc & Venus don't have any.  I've got one.  Jupiter has twelve.  Even Pluto, that's not even a planet anymore, has five moons!",not_funny
"… after decades of criticizing my shape and constantly comparing my size to that of the other planets… they just decided that I am flat now, and the hottest thing in the universe…",funny
Could I have some more ice? Mine keeps melting.,funny
Quarter to three...why is it only you and me?,not_funny
"So I says to Venus, “Not all of us can take the heat like you.” Then she calls me a wuss. To my face! TO MY FACE!",not_funny
"I just say I'm one of the Real World's ""helpers' ...it shuts the kids right up.",not_funny
Just half a shot and I feel like I'm already spinning.,not_funny
"... but then Charlton Heston finds the Statue of Liberty blown up on the beach, and I tell you what, I haven't slept a full night since.",not_funny
A few more edits and I tell you I’m going global.,not_funny
I have some earth-shattering news!,somewhat_funny
Put me on Atlas’ tab.,somewhat_funny
"may I have more water I think mines polluted""",not_funny
"You probably don’t want to hear about the problems of the world, but…",not_funny
I ordered water on the rocks -- this is just water.,not_funny
Excuse me. This water tastes a little like plastic.,not_funny
And then a big asteroid hit and wiped out the dinosaurs. I tell ya man I can't take it any longer.,not_funny
Sometimes it just feels like I gotta hit the Space Bar to continue.,not_funny
"I dunno. One minute I'm freezing, the next I'm burning.  I'm cranky then crying. Is this what menopause is supposed to be like?",not_funny
Could you tell me which body of water this came out of? Some of it is more polluted than others.,not_funny
Is this the world order?,somewhat_funny
"So the earth walks into a bar,and the bartender says",not_funny
"And then one day, I was upside down!",not_funny
global relief,somewhat_funny
"I have a question, God. Why have you infested me with humans?",not_funny
"No, my Doctors say I can't drink gasoline anymore!  They recommend a scotch and solar instead.",not_funny
I get all scrambled when I have more than one.,not_funny
"I can't seem to get rid of this pesky rash, so I'm trying heat",not_funny
"Hey there, can you recommend a place with a better atmosphere?",not_funny
"I can quit whenever I want, Davey.",not_funny
"I said ""on the rocks."" Haven't you heard? I'm burning up.",not_funny
"You think you’ve got problems, I have Homo sapien cancer .",not_funny
I'm bushed... have you seen Atlas around here?,not_funny
"A glass of lemonade, just ice please.  Madeleine Boudreau Dover, MA",funny
Did you ever hear that song 'Forever Young'?,not_funny
"Honest…I’m trying to replenish the rivers, glaciers, oceans, and my skin condition.",not_funny
Last call? What in the world?!?!,not_funny
I'm going through the change. The hot flashes are the worst.,not_funny
I suppose it's too late to switch to a new line of work?,not_funny
I'm just so tired of constant spin.,not_funny
I’d like to propose a toast: A round for everyone!,not_funny
Globalization is really getting to me.,not_funny
You know this global warming thing seems to be draining my oceans…,not_funny
So you want to talk about hoax?,not_funny
I tell ya I get no respect.,not_funny
"Another Dark N’ Stormy, extra stormy.",not_funny
"She keeps trying to get me read ""Men are from Mars, Women are from Venus""...",funny
"I understand, my ice has been melting too",funny
What in the world did you put in this drink? It’s fantastic1,not_funny
"Mars hasn’t been in, right, red, yay high, cold and dry, because he said one more probe and he would wring me dry.",funny
Your special to reduce global warming anxiety--is that shaken or stirred?,not_funny
It’s getting a little hot in here.  Could you please turn down the greenhouse gasses?,not_funny
My problems are outta this world.,not_funny
Gimme another Catastrophe with a twist of lemon!,not_funny
But there are plenty of fish in ME!,not_funny
What do you mean I only get one shot?,not_funny
Hey I have some problems Want to hear ?,not_funny
"On second thought, I’d better get a double.",not_funny
Your drinks are out of this world,not_funny
The world is too much with me.,not_funny
I can’t stop thinking about how much poop is on me right now!,not_funny
Hello! Sir? Can I get a little attention here?,not_funny
Nope.  Still not happy.,somewhat_funny
"Refill, please.",somewhat_funny
Peace on it!,somewhat_funny
"Sorry, I don't mean to go on about the whole world's problems.",not_funny
I have to get used to having mine neat.,not_funny
I got it bad but Atlas has it worse.,not_funny
"Thanks, Barkeep, but I don't think you have nearly enough time to listen.",not_funny
"I dunno, Joe. Sometimes it just feels like I’m going round in circles.",not_funny
"That guy Atlas was a schmuck, and then some",not_funny
See ya'  around...,somewhat_funny
Even my wife says I’m not a planet any more.,not_funny
"Did you ever feel like the whole world was on your shoulders?""",not_funny
"Wait, are you all drinking this filtered?",not_funny
May I please have a drink large enough to reverse my aquifer depletion?,not_funny
It won't be long now.,somewhat_funny
And just like that they left me,not_funny
Cut me off! I feel like I’m spinning!,not_funny
Take my strife - Please!,somewhat_funny
"They want me to solve the world's problems, can you believe it?",not_funny
Please gimme some ice with this!,funny
I'm getting more and more of these hot flashes these days. Something's not right.,not_funny
"Excuse me, I asked for 71% water",not_funny
It's only half full.,somewhat_funny
"Oh, just try to tell me about hot flashes!",not_funny
I’ve got the whole world on my shoulders.,not_funny
"Here I am, over 70% of me covered with water — and still my glass is only half full!",not_funny
"Hi Joe,got a lot stories I want you to know.",not_funny
"Some ice, please - I need to cool down.",funny
"I know it doesn’t look like I need it, but I’m only made of 3% freshwater.",not_funny
And then it hit me...it's bar stools all the way down.,not_funny
Day after day spinning around...,somewhat_funny
"I don't care whether the glass is half full or half empty; the beer has just gone flat, and everything else seems to be going wrong.",not_funny
And then they insisted I could only have carbon cocktails!,not_funny
I’ve really been having a lot of hot flashes lately! Do you think I’m menopausal?,not_funny
Does a flush beat a full house ?,not_funny
"This may sound off the wall, but I'm not feeling quite together.",not_funny
It's on my shoulders...,somewhat_funny
I'm trying as hard as I can but the micro-organisms just won't let up.,not_funny
Is it just me or has the whole world gone crazy?,not_funny
"Yea, well, I’ve been here before but man, this really ramped up fast this time!",not_funny
"This Fireball is on the house,"" said the bar tender... as he loved to watch the world burn",not_funny
"Quick, 'tender, pour me a cold one! I'm overheating.",not_funny
"I swear, I have more problems than anyone.",not_funny
I'm feeling feverish. Got some ice?,funny
"And then I realised, it's just circles, you know?",not_funny
Poor me! poor me! pour me another!,not_funny
But I was told you could solve all of my problems.,not_funny
Do you know of a good designated driver or something like that ?  That Atlas guy quit on me.,not_funny
"And then she says, 'I'm tired of carrying your weight on my shoulders. I want a divorce!'",not_funny
"Listen, being on shoulders all day is no picnic either.",not_funny
Nobody loves me.,somewhat_funny
"So I swear to God,the guy comes up to me and says I thought you was flat so I says to him who are you calling flat so you know what he says to me he says why I oughtta’ so you know what I said to him I says you big ugly lug for two stinking cents I….",not_funny
"I tell ya, it never stops. They just keep turning up the heat on me.",not_funny
I’m on fire.  Keep dousing me.,not_funny
"I was the center of her universe until Copernicus. … Well, everyone’s. But only she was the center of mine.",funny
Im starting to think I have a problem.  Michael Riley,not_funny
SINCE GLOBAL WARMING KICKED IN I CAN'T SEEM TO GET ENOUGH FLUIDS!,not_funny
I feel like I've been used while my own needs have been cast aside.  Thanks for listening to my story -- noone else seems to care.,not_funny
"If I start falling, don't grab me by the South Pole",not_funny
My water levels are rising. Make my next one neat.,not_funny
"If you really want to address climate change, give me something strong enough to get me off my axis.",not_funny
"So, bartender, the sun is dying. Never again will I hitch my wagon to a star!",not_funny
"Another shot of bourbon,sir! Might as well end this with a bang not a whimper.",not_funny
"It's scary out there, trust me.",not_funny
Then she said I was flatter in person,not_funny
Hey! I had a fight with my axis and now she's my ex.,not_funny
That last Super Blue Moon just did me in!,not_funny
You think you've got it bad?  I've got the whole world on my shoulders!,not_funny
Earth to barkeep I need a drink fast,not_funny
"He just had me there, in his hands.",not_funny
Why so down today?,somewhat_funny
Now think about maintaining a 71% hydration level.,not_funny
How do you expect me to manage the climate when I have one eye stuck in the ocean?,not_funny
"Earth to bartender, I’m telling you my problems here.",not_funny
"I get the chills, then I'm burning alive, man.  I tell you . . .",not_funny
Some days I just feel like I've been shrugged off!,not_funny
"Sure, I've got the hydrogen and the nitrogen, but this place? There's real atmosphere.",not_funny
"and then, there's that guy who thinks he has me on his shoulders",not_funny
My human inhabitants don't understand me.,not_funny
"I'm not an alcoholic! These fires in California are making me thirsty, okay?",not_funny
Why isn't God saving me?,somewhat_funny
"No matter how hard I try, I just don’t blend in.",not_funny
I'd like a water chaser please,not_funny
"And after all that,  she tells me I'm too warm.",not_funny
"Excuse me sir, I asked for a cosmo not the Cosmos.",not_funny
I've been feeling a bit wobbly lately!,not_funny
"Oh, fuck!",somewhat_funny
"Joe, I’m tellin’ ya, I’m throwin’ in the towel.",not_funny
Y'know that high ball I asked for? I'm finally here.,not_funny
"Hey, pal, my weight is none of your business.",not_funny
Sorry about the bald joke...with all this heat I'm getting a little salty.,not_funny
"Doesn't seem to matter how close I get to the sun, they still keep producing that darn CO2.",not_funny
Can I still get a Long Island Iced Tea or is that just saltwater on the rocks?,funny
And then Neptune said…,somewhat_funny
Could I get some ice?,funny
Help me out here. Do I have Weltschmerz  or Schadenfreude?,not_funny
"I’ll have another, even though the administration and the world says things are great…I think I’ll drink to that anyway…",not_funny
Carbonated water... seriously?,somewhat_funny
I think I have too many toxic friends! They don’t stop spewing garbage!,not_funny
So these two fossil fuels walk into a bar...,not_funny
"Sure, your place isn't all that it's cracked up to be, but I feel right at home here.",not_funny
You don’t understand… She was my whole world!,not_funny
I miss the simple times when everyone thought I was flat.,not_funny
And then you guys came along. Sheesh!,not_funny
And then he said we should burn more beautiful clean coal.,not_funny
I’m overheated. Can I have some ice?,funny
So you are gonna charge me for the water!,not_funny
"Yes, I know I look like I got the weight of the world on my shoulders...because I DO!!""  Maureen W Philadelphia, P",not_funny
I asked for a full proof solution. All I got was melted ice.,funny
How Many Days Would it take to Sail around the World ?,not_funny
"Help! I think I swallowed England! 'Can't you trump it out?' No sir, let's try the heimlich.",not_funny
But why pick on me? It’s not like I’m the only planet around.,not_funny
"Can you get them to stop saying ""This round's on me.""?",not_funny
"Last call?!  Uh, yeah!  Hello?!  You have a chaser to go with that shot of tragic irony that I don't recall ordering, wise guy?  Let me just leave you a well-deserved tip of poetic justice and zero sense.",funny
"C’mon, Glenn, I’m perfectly fine! It’s just that everyone *else* is tilted over 23.5 degrees…",not_funny
"Hey, d'ya think that just one drink will calm me down?",not_funny
"I swear, they must hate me.",not_funny
My wife is cheating on me with Mars.,funny
Problems…problems..problems,somewhat_funny
"I just got the word from on high, she’s fed up and ready to start over again; find yourself a boat or learn to snorkel for forty days.",not_funny
Can't ya see my hand is up fifteen minutes ago?,not_funny
Make the next one a double. The heat outside is killing me.,not_funny
Sigh! And how am I supposed to move to another planet?,not_funny
"I asked for rocks, no salt.",not_funny
Yes. A stiff barrel !!!. I’m beyond fill er up!!,not_funny
Where in the World am I? I ask!,not_funny
Make it a double; the election season is beginning early.,not_funny
You don't know what it's like out there!,not_funny
Hold the water chaser!,somewhat_funny
I've got problems. Leave the bottle.,not_funny
Globalzation? Internationalism? Transnationalism? It's too complex!,not_funny
I'm boiling! More oil!,somewhat_funny
I’m really not that small.,somewhat_funny
Then Elon got angry and challenged me to a duel !!,not_funny
"I tell ya, I don't get no respect !!!!!!!!!",not_funny
Did you ever feel like you had the weight of the world on your shoulders?,not_funny
It's flat.,somewhat_funny
Wish you were here.,somewhat_funny
"Not much, what about you?",somewhat_funny
"My wife's a pain in the ass. She's always busting my friggin' agates, my daughter's married to a jadrool loser bastard, and I got a rash so bad on my ass, I can't even sit down. But you know me. I can't complain.",not_funny
"And then they say, *hick* they say, they want to leave me for more resources!",not_funny
Can I have a double?,somewhat_funny
This drink is 71% water.,somewhat_funny
It's a first-world problem.,somewhat_funny
Don’t let the door hit you in the butt on your way out.,not_funny
I’ve hot nowhere to go.,somewhat_funny
I am seventy percent water. So straight up next time.,not_funny
What do mean my tab is almost full?,not_funny
"I'm telling you, no one understands me.",not_funny
"Listen to me, things are going to get bad. -Alicia Chinatomby, Los Angeles, CA",not_funny
You think you've got problems? I feel like I carry the weight of the world around all day!,not_funny
It's feeling a little warm in here. Could you turn up the AC?,not_funny
"Well, for 76 years I was the ninth planet...",not_funny
"Hard choice, do I die in glacial waters or with vodka?",funny
"...so then I tried to tell them 'it's getting hot in here,' but that just made them party harder!",not_funny
Got a thermometer?,somewhat_funny
Can you make the next one a bit stronger? I'm 75% water?,not_funny
"Close my tab, any more and I’ll be spinning off my axis!",not_funny
"‘I don’t appreciate a watered down drink. I’m already 70% water.’  Mira Dragisic  Elmhurst, Illinois",not_funny
What do you mean i’m shut off?,not_funny
"Believe me, Atlas doesn’t do ALL the worrying.",not_funny
"So I told her, you really brighten my days.",not_funny
"So I said ""sun, darling, why does everything always has to revolve around you!""",not_funny
"Hey, you got any damp-rid??",somewhat_funny
I think this could be the year for the Titans.,not_funny
Oy!  If only you knew my troubles.,not_funny
Dad the voices are trying to wake the dinosaurs again.,funny
I swear. It's not my fault your hot tub is cooler than the Atlantic!,not_funny
I’m way too hot!  But everybody acts like they’re deaf when I tell them they gotta help me cool off.,not_funny
I'm trying pasteurization for the 2 legged parasites,not_funny
I think I need an enema to crap out all the plastic debris in my system.,not_funny
Can I get some pi to go?,not_funny
"I said ""ON THE ROCKS!"" forPete's sake...",not_funny
And now they're saying that global warming is my fault!,not_funny
Things aren't so bad. I can count the number of my mass extinctions on one hand.,not_funny
I’m done! I don’t get no respect anymore.,not_funny
Make mine a double!,somewhat_funny
Can you believe that they said that I was full of hot air?,not_funny
I'm going to hell in a hand basket. Make it a double.,not_funny
"Another one, Joe, but more ice.  Can't take this heat!",funny
"Okay, so I get a little hot under the collar.",not_funny
Maybe it is the end of the world !,not_funny
Could I have a glass of water. I’m overheating and need to hydrate.,not_funny
"The weight of the world is on my shoulders, and I don’t have any!",not_funny
"Yeah, I agree. It's going to be a hot one.",not_funny
"Boy, it was a lot cooler last time I went around the sun!",not_funny
I'm running out of fresh water!,not_funny
I’m going to need a lot more than this……,not_funny
Waiter! Waiter! More microplastics please!,somewhat_funny
"Doc says it's ""climate change"". I thought it was the flu!",not_funny
"I only have a drink once in a blue moon,what's wrong with that?",not_funny
Can you ask your boss to “turn the heat down”?,not_funny
"It’s like cheap vodka, I am burning inside.",not_funny
I like my water sparkling with a side of salt.,not_funny
"So then Jupiter says 'I got 69 moons and you only got one, so I says...",not_funny
Really small planets get no respect.,not_funny
Hasta la vista baby!,somewhat_funny
Set 'em up. I'm going to need lotsa drinks.,not_funny
You got any aspirin?  I think I'm running a fever.,not_funny
"Can I urgently have more ice, please?",funny
"I can smell your cunt, David Remnick.",not_funny
"Listen buddy, I don't want it on the rocks.",not_funny
I figured you'd come to me sooner or later. Take a sip while I put on my white skull cap and mitre.,not_funny
Some days I just wanna say “Enough already with the spinning!”,not_funny
What can I do?  The world's going to hell in a hand basket!,not_funny
To be honest I only come in here to get out of the heat.,not_funny
"This is my last round, close me out.",not_funny
If I have another you’ll have to roll me home,not_funny
Have you ever been accused of cruelty?,not_funny
I have no complaints.,somewhat_funny
I just wished the me revolved around me…,not_funny
You take them...I need a break!,not_funny
Do think global warming is the reason for my hot flashes or am I simply going through menopause?,not_funny
How about throwing a couple of Hail Marys my way?,not_funny
I don’t get it. One day they’re saying nice things about me and the next day I don’t get no respect.,funny
I’ll have a shot of fireball and make jt strong,not_funny
YOU say you've heard it all!,not_funny
Why did you skimp on the ice?  I told you I was getting hot!,funny
"The doc said I don't have much time, but I think if I just wait it out, it'll go away. No matter which way it goes, I'll miss our talks.",not_funny
Please don't listen to those young earthers! I swear I'm old enough!,not_funny
"I'm warming, Lou!  Start me off with a billion frozen daiquiris, and keep 'em coming.",not_funny
They care more about staying in power than about me.,not_funny
Quick! Before it's too late!,somewhat_funny
"I'm feeling warm, I need a cool drink.",not_funny
I’ve only got a few minutes…My O-zone meter is running up.,not_funny
"Yeah, I'm weary! Wouldn't be sitting here if I weren't.",not_funny
"....so then my wife says she wants a divorce and that our marriage has been a ""hell on earth"".",not_funny
"So then I said, ""You have no idea what it's like to have the weight of the world on your shoulders.""",not_funny
Are you my Uber driver?,somewhat_funny
I'll be fine. Being 70% water is key for preventing hangovers.,not_funny
Stop the me! I want to get off.,not_funny
This guy tried to pick me up and when I said I'd never heard of him -- Elon Musk -- he just lost it!,not_funny
Don't get started on the people who think I owe them something. I was here first.,not_funny
"Ok God, can I now try the artificial intelligence shot?",not_funny
One drink will never make me feel better.,not_funny
Please.  Your tallest glass of atmosphere on the rocks.,not_funny
"So I told her, ""Air travel isn't making me smaller, but it IS making me hotter,"" and she threw me out of the house!",not_funny
Another water please. It’s like I’m made (mostly) of water.,not_funny
"Yes, it's Weltsmerz!",somewhat_funny
I am beginning to regret this whole adoption thing,not_funny
"If you had 8 billion bugs dermaforming you, you’d drink too",not_funny
"Why is your roasted appetizer called ""The Preview?""",not_funny
I feel like I got the weight of the world on my shoulders,not_funny
Do you ever feel like a piece of you is missing? And is in constant orbit around you causes high tides?,not_funny
"No ice ?” LD Soderlind, Mpls,M",funny
"And then they made me change. Dressed me up in plastic and rubbed oil all over me. Why? I liked me just the way I was--originally, I mean.",not_funny
"So I said, ""You can't keep me spinning around you forever!"" and ever since leaving, I'm just so lost.",not_funny
I'm doomed! Mars refused to trade places.,funny
Where's the can? This climate change has wreaked havoc on my sea levels.,not_funny
Is it too much to ask for just a little respect?,not_funny
"I met a nice fella named Jupiter,but he",funny
I swear! WIt’s all true,somewhat_funny
"I know I'm 70% water, but a guy needs something stronger every once in a while.",not_funny
Why will no public house trust me to open a tab?  A few bad health reports and everyone thinks that I'll be dead soon.  Joe Ryan,not_funny
Hey Buddy! Can you boost the AC?,not_funny
"Ms Moon decided she needed some space so we separated. I swear, the loneliness and stress is making me bi-polar.",not_funny
Can you turn on the AC please? Im getting kinda warm,not_funny
She complained I only had one moon and I looked too worldly.  You can't please anyone these days.,not_funny
I'm so tired of keeping Venus and Mars apart.  I mean who needs more asteroids?,funny
Do you have any global coolers?,not_funny
"I'd love to see more of her, but she just won't budge.",not_funny
I think your a little too big for me.,not_funny
"Y'know, Harry, bartenders just ain't the same as they used to be.""",not_funny
You would not believe how much catastrophe I can create if those humans don't stop polluting  my air!,not_funny
"Hy, pal, would you mind blasting the AC in here? Maybe it's just me, but I feel like I'm burning up everywhere I go.",not_funny
I really miss my baby brother Pluto,not_funny
"Stop me next time before I say ""All the drinks on me"".",not_funny
"Sorry to bug you, but could I get an Old Fashioned on the rocks?",not_funny
I feel like the whole world is against me. But you are the whole world. Yeah. Sucks.,not_funny
Garcon; better bring the bottle.  My boyfriend Humpty Dumpty and I have drifted apart and I am lost in an endless ocean.,not_funny
Do you ask all your customers to bring their own plates?,not_funny
"...and so, when all the King's men put me back together again, that's how I wound up looking like a global map.",not_funny
"Hey, it is the earth. May I please get some RICE? (Rest, ice, compression and elevation.)",funny
Hand to God. The work I had done was just reconstructive.,not_funny
All this guy does is whine about how everybody in high school  used to call him pizzaface. He needs to get over it already.,not_funny
What do you mean I've had enough?,not_funny
"I am home away from the solar system and it is very hot out there.  Give me a cold  one""",not_funny
"Sometimes I just get the feeling that half the people in my inner circle don't respect me, ya know?",not_funny
"So then I said, 'Hey, I'm SO much more than just a weight on your shoulders'!",not_funny
And they all left me for another planet.,not_funny
Big guy. Enormous shoulders. Seen him,not_funny
"Bye, bye Mr. Priest. I thought I was in your orbit, but I that is not longer true.",not_funny
Where's the can?   I feel like my eyeballs are floating.,not_funny
I’m so tired of people always fighting over pieces of me.,not_funny
The tell me it’s not the heat - it’s the humidity…,not_funny
So long its been nice to know ya,funny
Has Anyone Who Looks Like Me Been Here Recently?,not_funny
